,name,category,address,star,comment,naver_services,station,out,meter,lines,walking_time
0,스테이크 슈퍼,"스테이크,립",서울 마포구 독막로7길 62 1층 스테이크 슈퍼,4.92,,"네이버예약,네이버톡톡",합정역,3번,490.0,"2호선,6호선",6.0
1,육지,"육류,고기요리",서울 마포구 독막로3길 34,4.77,,,합정역,3번,301.0,"2호선,6호선",4.0
2,바다회사랑2호점,생선회,서울 마포구 동교로 143,4.3,싱싱한 방어 먹으러 홍대 횟집,,홍대입구역,1번,535.0,"2호선,공항철도,경의중앙선",7.0
3,스페이스원 버거,햄버거,서울 마포구 와우산로21길 20-10 1층 스페이스원 수제버거,,,"네이버페이,네이버주문",홍대입구역,9번,479.0,"2호선,공항철도,경의중앙선",6.0
4,앤티크커피 연남점,"카페,디저트",서울 마포구 연희로 25-1 1층 앤티크커피,,,,홍대입구역,3번,384.0,"2호선,공항철도,경의중앙선",5.0
5,수택,"카페,디저트",서울 마포구 양화로7길 4-13 1층,,,,합정역,2번,109.0,"2호선,6호선",1.0
6,티엔미미 홍대점,중식당,서울 마포구 양화로 144 4층(L),,,,홍대입구역,9번,93.0,"2호선,공항철도,경의중앙선",1.0
7,우와,일식당,서울 마포구 와우산로21길 21-16 2층,4.45,,,홍대입구역,9번,628.0,"2호선,공항철도,경의중앙선",8.0
8,야키토리 나루토,"일식튀김,꼬치",서울 마포구 독막로9길 26 지1층 야키토리 나루토,4.89,오마카세 59초 안에 먹는 야키토리 맛집,네이버예약,상수역,1번,443.0,6호선,6.0
9,연남취향,양식,서울 마포구 연희로1길 36,,,,홍대입구역,3번,320.0,"2호선,공항철도,경의중앙선",4.0
10,우동 카덴,"우동,소바",서울 마포구 양화로7안길 2-1,4.24,맛있는 정호영 쉐프가 운영하는 합정역 우동,,합정역,2번,128.0,"2호선,6호선",2.0
11,오퍼 카페,"카페,디저트",서울 마포구 홍익로5길 19 오퍼베이커리카페,,,,홍대입구역,9번,306.0,"2호선,공항철도,경의중앙선",4.0
12,츠케루,일본식라면,서울 마포구 와우산로23길 9 1층 102호,4.63,일본보다 츠케멘 맛있는 라멘집,,홍대입구역,9번,338.0,"2호선,공항철도,경의중앙선",4.0
13,피오니,케이크전문,서울 마포구 독막로7길 51,4.43,홍대 딸기생크림 케이크 하면 생각나는 곳,,합정역,3번,452.0,"2호선,6호선",6.0
14,옥동식,국밥,서울 마포구 양화로7길 44-10,4.44,,,합정역,2번,304.0,"2호선,6호선",4.0
15,트라이브 홍대점,"카페,디저트",서울 마포구 어울마당로 100-12 지1층,,,,홍대입구역,9번,385.0,"2호선,공항철도,경의중앙선",5.0
16,산더미불고기,"육류,고기요리",서울 마포구 어울마당로 47,4.67,홍대 산처럼 쌓인 불고기 맛집,"네이버예약,배달,네이버톡톡",상수역,1번,370.0,6호선,5.0
17,쿠시노주방,이자카야,서울 마포구 동교로 218-1 지하1층 쿠시노주방,4.4,,,홍대입구역,3번,239.0,"2호선,공항철도,경의중앙선",3.0
18,스아게,카레,서울 마포구 와우산로29라길 7 1층,4.61,,,홍대입구역,7번,227.0,"2호선,공항철도,경의중앙선",3.0
19,아벨롭,카페,서울 마포구 양화로15안길 6 Avelop,,,,홍대입구역,1번,468.0,"2호선,공항철도,경의중앙선",6.0
20,청록양식,"스파게티,파스타전문",서울 마포구 동교로 220-7 1층 청록양식,4.76,,네이버예약,홍대입구역,3번,172.0,"2호선,공항철도,경의중앙선",2.0
21,로쏘 1924 나폴리 화덕피자 홍대점,피자,서울 마포구 홍익로 29 1층 로쏘 1924 나폴리 화덕피자,4.68,공수한 재료로 만든 홍대화덕피자 홍대피자,"네이버페이,네이버예약,네이버주문,배달,네이버톡톡,쿠폰",홍대입구역,9번,203.0,"2호선,공항철도,경의중앙선",3.0
22,사쿠라테이엔 합정점,이자카야,서울 마포구 독막로7길 27 1층,4.85,,"네이버예약,네이버톡톡",상수역,1번,535.0,6호선,7.0
23,빌리프커피로스터스,"카페,디저트",서울 마포구 양화로11길 50 1층,4.4,무한도전 빅뱅촬영카페 분위기 좋고 커피,배달,합정역,2번,237.0,"2호선,6호선",3.0
24,육몽 홍대본점,"육류,고기요리",서울 마포구 양화로16길 19 1-3층,4.73,,"네이버예약,네이버톡톡",홍대입구역,9번,470.0,"2호선,공항철도,경의중앙선",6.0
25,졸리연남,"스파게티,파스타전문",서울 마포구 연희로1길 52 가동 101호 졸리연남,4.48,,"네이버예약,네이버톡톡",홍대입구역,3번,397.0,"2호선,공항철도,경의중앙선",5.0
26,커먼독 연남본점,양식,서울 마포구 연희로1길 40-3 1층,,,"네이버페이,네이버주문,네이버톡톡",홍대입구역,3번,366.0,"2호선,공항철도,경의중앙선",5.0
27,피자네버슬립스,피자,서울 마포구 양화로6길 73 4층 피자네버슬립스,4.57,,,합정역,6번,424.0,"2호선,6호선",5.0
28,아오이토리,베이커리,서울 마포구 와우산로29길 8 K.C빌딩,4.45,야끼소바빵과 명란바게트가 맛있는 내사랑 홍대 빵집,,홍대입구역,7번,374.0,"2호선,공항철도,경의중앙선",5.0
29,금별맥주 홍대직영점,"맥주,호프","서울 마포구 독막로7길 63 ,1층",4.5,홍대 펍 금별맥주 가성비 좋은 합정역 술집,,합정역,3번,500.0,"2호선,6호선",6.0
30,광야,이탈리아음식,서울 마포구 월드컵북로4길 82 1층 광야,4.58,,"네이버예약,네이버톡톡",홍대입구역,2번,321.0,"2호선,공항철도,경의중앙선",4.0
31,카페 공명 연남점,"카페,디저트",서울 마포구 연희로 11 1층 카페 공명,4.5,,네이버페이,홍대입구역,3번,231.0,"2호선,공항철도,경의중앙선",3.0
32,하이디라오 홍대점,중식당,서울 마포구 양화로 176 동교동 와이즈파크 5층,4.61,,네이버예약,홍대입구역,8번,80.0,"2호선,공항철도,경의중앙선",1.0
33,합정공감,이자카야,서울 마포구 양화로6길 49 2F,,,,합정역,6번,305.0,"2호선,6호선",4.0
34,홍대씨부엉,떡볶이,서울 마포구 와우산로21길 28-6,4.51,,네이버톡톡,홍대입구역,9번,578.0,"2호선,공항철도,경의중앙선",7.0
35,라헬의부엌 홍대점,"카페,디저트","서울 마포구 와우산로29길 47 1,2층",4.5,,,홍대입구역,7번,219.0,"2호선,공항철도,경의중앙선",3.0
36,스케줄합정,양식,서울 마포구 양화로6길 33 1층,4.39,,,합정역,5번,183.0,"2호선,6호선",2.0
37,카와카츠 본점,돈가스,서울 마포구 동교로 126 1층 102호,,,,합정역,2번,614.0,"2호선,6호선",8.0
38,동두천솥뚜껑삼겹살 합정점,돼지고기구이,서울 마포구 양화로6길 39 1층,,,,합정역,6번,247.0,"2호선,6호선",3.0
39,카미야,일식당,서울 마포구 와우산로21길 28-6,4.47,재학생이 추천하는 홍대 존맛 맛집,,홍대입구역,9번,578.0,"2호선,공항철도,경의중앙선",7.0
40,정돈 홍대점,돈가스,서울 마포구 어울마당로 46,4.53,홍대맛집 친절하고 맛있는 등심돈카츠카레,,상수역,1번,327.0,6호선,4.0
41,테이커테이블,이탈리아음식,서울 마포구 동교로30길 6 반계단 위 1층,4.97,,네이버예약,홍대입구역,3번,310.0,"2호선,공항철도,경의중앙선",4.0
42,카밀로 라자네리아,양식,서울 마포구 동교로12길 41,,,,합정역,9번,325.0,"2호선,6호선",4.0
43,평이담백 뼈칼국수 본점,"칼국수,만두",서울 마포구 양화로7길 84,4.29,평이담백뼈칼국수 모두가 인정하는 합정맛집,,망원역,1번,423.0,6호선,5.0
44,코테츠,일식당,서울 마포구 독막로3길 28-17 1층 102호,4.44,합정 오코노미야끼 퀄리티에 놀란 곳,,합정역,3번,351.0,"2호선,6호선",4.0
45,샌드커피 논탄토 연남,카페,서울 마포구 동교로 212-16,4.49,,,홍대입구역,3번,183.0,"2호선,공항철도,경의중앙선",2.0
46,고기꾼김춘배 홍대본점,"육류,고기요리",서울 마포구 홍익로3길 36 3층,4.51,홍대 삼겹살 맛집으로 유명한 고기꾼 김춘배 소고기,네이버예약,홍대입구역,9번,445.0,"2호선,공항철도,경의중앙선",6.0
47,멘야산다이메 본점,일본식라면,서울 마포구 홍익로5안길 24,4.32,,,홍대입구역,9번,386.0,"2호선,공항철도,경의중앙선",5.0
48,카레시,카레,서울 마포구 독막로9길 31 1층,,,,상수역,1번,476.0,6호선,6.0
49,산리오 러버스 클럽,카페,서울 마포구 와우산로19길 18 산리오 러버스 클럽,4.48,,,상수역,1번,460.0,6호선,6.0
50,비스트로사랑방,"스파게티,파스타전문","서울 마포구 와우산로15길 40 BISTRO 사랑방 , 2층",4.54,,"네이버예약,네이버톡톡",상수역,1번,247.0,6호선,3.0
51,어메이징농카이,태국음식,서울 마포구 동교로 156-11 1층,4.49,태국사람 갓세븐 뱀뱀도 극찬한 홍대 태국음식 맛집,배달,홍대입구역,1번,360.0,"2호선,공항철도,경의중앙선",4.0
52,바다애 홍대본점,생선회,서울 마포구 동교로 128 1층,4.54,,배달,합정역,2번,609.0,"2호선,6호선",8.0
53,배터리88 홍대점,요리주점,서울 마포구 와우산로19길 6 1층,4.4,홍대 루프탑에서 밤새놀수있는 갬성포차,"네이버예약,네이버톡톡",상수역,2번,422.0,6호선,5.0
54,스시오 블랙컨테이너,"일식,초밥뷔페",서울 마포구 어울마당로 100-6 1층,,홍대스시오에서 초밥 무한리필 즐기고 대왕연어초밥,,홍대입구역,9번,349.0,"2호선,공항철도,경의중앙선",4.0
55,소코아 홍대점,카레,서울 마포구 와우산로15길 49 1층 소코아 홍대점,4.6,,,상수역,1번,226.0,6호선,3.0
56,필로베이커리,"카페,디저트",서울 마포구 홍익로2길 27-22 2층,4.79,,"네이버페이,네이버톡톡",홍대입구역,9번,206.0,"2호선,공항철도,경의중앙선",3.0
57,또보겠지떡볶이집 호호시스터점,분식,서울 마포구 양화로6길 45 2층,4.56,홍대맛집 합정역 또보겠지 떡볶이 호호시스터즈점,,합정역,6번,286.0,"2호선,6호선",4.0
58,연남어부,생선회,서울 마포구 동교로 220 1층,4.49,초신상 젊은감각이 돋보이는 횟집,네이버예약,홍대입구역,3번,220.0,"2호선,공항철도,경의중앙선",3.0
59,무쏘 홍대입구역점,소고기구이,서울 마포구 어울마당로 131 지층,4.58,홍대맛집베스트10 8천원의 행복으로 즐기는 연탄고추장불고기,,홍대입구역,8번,169.0,"2호선,공항철도,경의중앙선",2.0
60,하카타나카,일식당,서울 마포구 와우산로23길 50 2F,4.45,오오기상이 추천해줘서 믿을수있는 일본 밥집,,홍대입구역,9번,142.0,"2호선,공항철도,경의중앙선",2.0
61,부탄츄 홍대본점,일본식라면,서울 마포구 와우산로35길 75 1층 부탄츄,4.24,홍대 일본라멘 부탄츄에서 진한 돈코츠라멘,,홍대입구역,7번,114.0,"2호선,공항철도,경의중앙선",1.0
62,또보겠지떡볶이집 붕붕허니비점,분식,서울 마포구 양화로19길 22-25 2층,4.58,,"네이버페이,네이버주문",홍대입구역,3번,148.0,"2호선,공항철도,경의중앙선",2.0
63,해피베어데이 본점,"카페,디저트",서울 마포구 양화로12길 16-6 1층,4.76,,"네이버페이,네이버예약",합정역,3번,269.0,"2호선,6호선",3.0
64,OBPC 연남본점,피자,서울 마포구 양화로23길 40 1층,,생방송투데이 밥상 같은 피자 물김치 골목빵집,,홍대입구역,3번,251.0,"2호선,공항철도,경의중앙선",3.0
65,리밀앤밀리,"카페,디저트",서울 마포구 동교로22길 21 1층,4.76,,"네이버페이,네이버주문,네이버톡톡",홍대입구역,1번,513.0,"2호선,공항철도,경의중앙선",6.0
66,버터베이커리,베이커리,서울 마포구 동교로 226,4.57,,,홍대입구역,3번,241.0,"2호선,공항철도,경의중앙선",3.0
67,신미경홍대닭갈비,닭갈비,서울 마포구 와우산로21길 31-10 1층,4.48,홍대맛집 세계로 뻗어나가는 신미경 닭갈비,"네이버페이,네이버예약,배달",홍대입구역,9번,579.0,"2호선,공항철도,경의중앙선",7.0
68,이츠모라멘,일본식라면,서울 마포구 와우산로23길 18-7 2층 202호,4.48,,,홍대입구역,9번,335.0,"2호선,공항철도,경의중앙선",4.0
69,토끼정 홍대,일식당,서울 마포구 잔다리로2길 13 1층~3층,4.53,,"네이버예약,네이버톡톡",합정역,3번,565.0,"2호선,6호선",7.0
70,서교주담 합정,요리주점,서울 마포구 어울마당로5길 46 1층 서교주담 합정,4.75,연남동 합정동 술집 매실주 맛있는 전통주점,,합정역,3번,348.0,"2호선,6호선",4.0
71,티와이티디,"카페,디저트",서울 마포구 양화로19길 22-8 1층 tytd,,,,홍대입구역,3번,179.0,"2호선,공항철도,경의중앙선",2.0
72,943 킹스크로스CAFE,"카페,디저트",서울 마포구 양화로16길 24 1층~4층,4.26,해리포터 카페 943킹스크로스 이색 데이트하기 좋은 곳,,홍대입구역,9번,495.0,"2호선,공항철도,경의중앙선",6.0
73,불떡클럽 연남본점,떡볶이,서울 마포구 양화로23길 30 2층,,,,홍대입구역,3번,206.0,"2호선,공항철도,경의중앙선",3.0
74,언더플로어,"카페,디저트",서울 마포구 동교로 232 지하1층,4.73,,,홍대입구역,3번,262.0,"2호선,공항철도,경의중앙선",3.0
75,멘야하나비 합정점,일본식라면,서울 마포구 잔다리로7안길 14 1층,4.49,,,합정역,2번,228.0,"2호선,6호선",3.0
76,청년화로1987,"육류,고기요리",서울 마포구 동교로 219 1층 청년화로1987,4.55,연남동 삼겹살 맛있는 연트럴파크 맛집,,홍대입구역,3번,278.0,"2호선,공항철도,경의중앙선",3.0
77,진진,중식당,서울 마포구 잔다리로 123 1층,,,네이버예약,망원역,1번,482.0,6호선,6.0
78,모센즈스위트,"카페,디저트",서울 마포구 어울마당로 51-1 1층,4.66,달달한 아랍디저트 카이막 먹으러 홍대카페,배달,상수역,1번,404.0,6호선,5.0
79,JASE,바(BAR),서울 마포구 와우산로19길 6-11 2층,,술집 분위기와 가성비가 좋은 칵테일바,,상수역,2번,470.0,6호선,6.0
80,히츠지야,일식당,서울 마포구 독막로3길 21 1층 히츠지야,4.82,,,합정역,3번,241.0,"2호선,6호선",3.0
81,부산집 홍대본점,"오뎅,꼬치",서울 마포구 와우산로38길 4 지층 공원안 부산집,4.41,,,홍대입구역,6번,232.0,"2호선,공항철도,경의중앙선",3.0
82,미도인 홍대,양식,서울 마포구 잔다리로2길 19 1층,4.5,홍대 스테이크 l 줄서서 먹는 대창곱창덮밥,,합정역,3번,568.0,"2호선,6호선",7.0
83,합정광안리 본점,생선회,서울 마포구 독막로3길 38 광안리,4.46,,"네이버예약,네이버톡톡",합정역,3번,327.0,"2호선,6호선",4.0
84,청기와타운 홍대점,"육류,고기요리",서울 마포구 양화로 128 1층,,,네이버예약,홍대입구역,9번,265.0,"2호선,공항철도,경의중앙선",3.0
85,파리아저씨,요리주점,서울 마포구 홍익로5안길 42 세븐일레븐 옆,4.55,,"네이버페이,네이버예약,네이버주문",홍대입구역,9번,504.0,"2호선,공항철도,경의중앙선",6.0
86,연남물갈비,"육류,고기요리",서울 마포구 동교로25길 37 1층,4.49,,네이버톡톡,홍대입구역,1번,387.0,"2호선,공항철도,경의중앙선",5.0
87,띵크프룻,"카페,디저트",서울 마포구 와우산로29길 14-12 1층,,,,홍대입구역,7번,281.0,"2호선,공항철도,경의중앙선",4.0
88,청돈옥,"육류,고기요리",서울 마포구 잔다리로6길 10 1층 청돈옥,,,"네이버예약,네이버톡톡,쿠폰",합정역,3번,440.0,"2호선,6호선",6.0
89,들풀한상,한식,서울 마포구 동교로 156-5,4.36,홍대 한정식을 찾는다면 들풀 서교동점 달맞이정식,배달,홍대입구역,1번,403.0,"2호선,공항철도,경의중앙선",5.0
90,둥지닭볶음탕,닭볶음탕,서울 마포구 와우산로29마길 16 둥지닭볶음탕 홍대점,4.51,새둥지 위에 닭이랑 병아리 올라간 둥지닭볶음탕,배달,홍대입구역,7번,248.0,"2호선,공항철도,경의중앙선",3.0
91,비포블루밍,"카페,디저트",서울 마포구 양화로23길 28 3층,4.57,,"네이버페이,네이버예약,네이버톡톡",홍대입구역,3번,197.0,"2호선,공항철도,경의중앙선",2.0
92,도식화,"카페,디저트",서울 마포구 와우산로17길 19-9 1층,,,,상수역,1번,350.0,6호선,4.0
93,하와이킴,"카페,디저트",서울 마포구 와우산로 147 1층,,,"네이버톡톡,쿠폰",홍대입구역,6번,456.0,"2호선,공항철도,경의중앙선",6.0
94,퀜치커피,카페,서울 마포구 동교로12안길 9 . 1층,4.71,,,망원역,1번,369.0,6호선,5.0
95,중화복춘 공원,중식당,서울 마포구 동교로 220-7 101호,4.44,연남동 중식당 중국에서도 먹힐만한 중화요리,,홍대입구역,3번,172.0,"2호선,공항철도,경의중앙선",2.0
96,천이오겹살 합정본점,"육류,고기요리",서울 마포구 양화로7길 12,4.28,합정 맛집 밥블레스유 이영자가 극찬한 냉동삼겹살,,합정역,2번,82.0,"2호선,6호선",1.0
97,이치류 홍대본점,양갈비,서울 마포구 잔다리로3안길 44,4.56,,,합정역,3번,357.0,"2호선,6호선",4.0
98,정든집,"오뎅,꼬치",서울 마포구 잔다리로 20-13,4.33,홍대 하이볼이 맛있는 오뎅바,,합정역,3번,571.0,"2호선,6호선",7.0
99,남산호랭이,"스파게티,파스타전문",서울 마포구 잔다리로 25 1층,,,,합정역,3번,483.0,"2호선,6호선",6.0
100,긴자료코 본점,돈가스,서울 마포구 홍익로2길 43,4.51,,,홍대입구역,9번,250.0,"2호선,공항철도,경의중앙선",3.0
101,우동가조쿠,"우동,소바",서울 마포구 양화로19길 18 화성빌딩 1층,4.55,식감이 살아서 움직이는 가조쿠우동,네이버톡톡,홍대입구역,2번,192.0,"2호선,공항철도,경의중앙선",2.0
102,코노미,일식당,서울 마포구 잔다리로6길 28,,야끼소바에 맥주 가성비좋은 홍대 술집,,합정역,3번,530.0,"2호선,6호선",7.0
103,고쿠텐 홍대점,일식당,서울 마포구 월드컵북로4길 26 1층,4.47,홍대텐동 수요미식회에 나온 고쿠텐 여기 진짜 맛집,,홍대입구역,1번,248.0,"2호선,공항철도,경의중앙선",3.0
104,장인닭갈비 홍대점,닭갈비,서울 마포구 어울마당로 111-1 1층,,,,홍대입구역,9번,173.0,"2호선,공항철도,경의중앙선",2.0
105,키움초밥,"초밥,롤",서울 마포구 잔다리로 77 대창빌딩,,인스타그램에서 유명한 홍대 스시맛집,,합정역,2번,523.0,"2호선,6호선",7.0
106,시나모롤 스위트카페,"카페,디저트",서울 마포구 양화로 188 홍대 AK& 2층,,,,홍대입구역,5번,9.0,"2호선,공항철도,경의중앙선",0.0
107,우마담,"육류,고기요리",서울 마포구 독막로3길 30 2층 우마담,4.56,한우 오마카세를 합리적으로 즐기는 곳,네이버톡톡,합정역,3번,296.0,"2호선,6호선",4.0
108,홍스쭈꾸미 홍대본점,주꾸미요리,서울 마포구 어울마당로 146,4.44,맛있는 알마니볶음밥을 꼭 먹어야 하는 홍대쭈꾸미 맛집,,홍대입구역,7번,170.0,"2호선,공항철도,경의중앙선",2.0
109,판모당,일식당,서울 마포구 와우산로32길 31-8 1층,,,네이버예약,서강대역,2번,372.0,경의중앙선,5.0
110,디어다온,"카페,디저트",서울 마포구 연희로1길 28 101호 디어다온,,,,홍대입구역,3번,289.0,"2호선,공항철도,경의중앙선",4.0
111,카페꼼마&얀 쿠브레 동교점,"카페,디저트",서울 마포구 양화로21길 23,4.33,,"네이버페이,네이버예약",홍대입구역,3번,85.0,"2호선,공항철도,경의중앙선",1.0
112,온미동 연남,일식당,서울 마포구 월드컵북로4길 95 단독주택,4.54,,네이버예약,홍대입구역,3번,282.0,"2호선,공항철도,경의중앙선",4.0
113,야키토리 나루토 오모테나시,"일식튀김,꼬치",서울 마포구 독막로5길 17 1층 나루토 오모테나시,5.0,,네이버예약,합정역,6번,434.0,"2호선,6호선",5.0
114,그동네떡볶이 홍대본점,종합분식,서울 마포구 와우산로27길 14 그동네떡볶이,4.53,치즈폭포떡볶이가 맛있는 홍대 뚝배기,,홍대입구역,7번,450.0,"2호선,공항철도,경의중앙선",6.0
115,라 룬 비올렛,프랑스음식,서울 마포구 월드컵북로4길 13 1층,4.8,프렌치비스트로 찾는다면 연남동맛집,,홍대입구역,1번,314.0,"2호선,공항철도,경의중앙선",4.0
116,공상온도,"카페,디저트",서울 마포구 동교로23길 40 지하,4.43,,"네이버페이,네이버예약,네이버톡톡",홍대입구역,1번,451.0,"2호선,공항철도,경의중앙선",6.0
117,냉장고 합정점,돼지고기구이,서울 마포구 양화로6길 99-10 1층,4.76,합정 상수 분위기좋은 삼겹살 목살 맛집,"네이버페이,네이버주문",상수역,1번,378.0,6호선,5.0
118,연남주막1987,"전통,민속주점",서울 마포구 동교로 212-5 1층,4.51,,,홍대입구역,3번,204.0,"2호선,공항철도,경의중앙선",3.0
119,멧라운지,"카페,디저트",서울 마포구 어울마당로5길 42 1층 멧라운지 metlounge,4.55,합정역 나만알고 싶은 조용한 카페,,합정역,3번,363.0,"2호선,6호선",5.0
120,하와이조개 홍대점,조개요리,서울 마포구 와우산로21길 19-8 태경빌딩 지하 1층,,,"네이버예약,네이버톡톡,쿠폰",상수역,2번,536.0,6호선,7.0
121,합정 지튼,"카페,디저트",서울 마포구 양화로11길 42 1층,,합정 데이트 스콘이 맛있는 감성 맛집,,합정역,2번,232.0,"2호선,6호선",3.0
122,콜린,"카페,디저트",서울 마포구 어울마당로 45,4.49,분위기 좋고 음료가 맛있는 홍대 플라워 카페,,상수역,1번,393.0,6호선,5.0
123,삼다코지,"카페,디저트",서울 마포구 독막로9길 34 1층,,,네이버톡톡,상수역,1번,493.0,6호선,6.0
124,매운집,"찌개,전골",서울 마포구 독막로3길 25 1층,,,네이버예약,합정역,3번,266.0,"2호선,6호선",3.0
125,연남쌀국수 똣,베트남음식,서울 마포구 연희로1길 15 1층,4.69,,"네이버예약,네이버톡톡",홍대입구역,3번,226.0,"2호선,공항철도,경의중앙선",3.0
126,마포곱창타운 연남점,"곱창,막창,양",서울 마포구 동교로27길 20,4.48,클레버티비 교육받는 사이 다녀온 마포홍대 곱창,,홍대입구역,2번,314.0,"2호선,공항철도,경의중앙선",4.0
127,오리지널시카고피자 홍대본점,피자,서울 마포구 독막로7길 51 3층,4.3,홍대피자는 역시 치즈가 흘러넘치는 오리지널 시카고피자,"네이버페이,네이버주문,배달",합정역,3번,452.0,"2호선,6호선",6.0
128,유경당 연남점,퓨전음식,서울 마포구 와우산로37길 7 2층,4.36,,,홍대입구역,6번,171.0,"2호선,공항철도,경의중앙선",2.0
129,포36거리 홍대점,베트남음식,서울 마포구 독막로3길 29 화이트하우스 1층,4.53,,,합정역,3번,286.0,"2호선,6호선",4.0
130,히트커피로스터스 서교,"카페,디저트",서울 마포구 동교로 146 관양빌딩 1층 카페,4.63,,,홍대입구역,1번,477.0,"2호선,공항철도,경의중앙선",6.0
131,프리모바치오바치 홍대본점,이탈리아음식,서울 마포구 와우산로23길 44,4.39,홍대 파스타 리조또 맛있는 곳,,홍대입구역,9번,161.0,"2호선,공항철도,경의중앙선",2.0
132,더리얼치즈버거,햄버거,서울 마포구 와우산로29길 48-29 1층,4.58,,,홍대입구역,7번,137.0,"2호선,공항철도,경의중앙선",2.0
133,멘야준,일본식라면,서울 마포구 동교로 128,4.57,홍대와 합정근처에서 맛있는 시오라멘전문점,,합정역,2번,609.0,"2호선,6호선",8.0
134,남북통일,만두,서울 마포구 동교로18길 37,4.49,,,합정역,2번,432.0,"2호선,6호선",5.0
135,알디프 티 바,홍차전문점,서울 마포구 와우산로35길 19 B1-1F 알디프,4.82,,"네이버페이,네이버예약",홍대입구역,7번,266.0,"2호선,공항철도,경의중앙선",3.0
136,이미커피,"카페,디저트",서울 마포구 동교로25길 7 1층,4.76,,,홍대입구역,1번,242.0,"2호선,공항철도,경의중앙선",3.0
137,원더하우스,"카페,디저트",서울 마포구 와우산로15길 34 1.5층,,,,상수역,1번,233.0,6호선,3.0
138,마녀주방 홍대점,이탈리아음식,서울 마포구 와우산로21길 36-10,4.48,,네이버예약,홍대입구역,9번,462.0,"2호선,공항철도,경의중앙선",6.0
139,미스타교자,중식당,서울 마포구 동교로 106 1층 102호,,,,망원역,1번,417.0,6호선,5.0
140,영동 감자탕,감자탕,"서울 마포구 월드컵북로5길 17 서교동, 영동감자탕",4.57,,,홍대입구역,1번,592.0,"2호선,공항철도,경의중앙선",7.0
141,세상끝의라멘,일본식라면,서울 마포구 양화로7길 6-5,4.55,,,합정역,2번,97.0,"2호선,6호선",1.0
142,어썸마운틴,카페,서울 마포구 연희로 17 1층 어썸마운틴,4.83,,,홍대입구역,3번,288.0,"2호선,공항철도,경의중앙선",4.0
143,기요한,일식당,서울 마포구 동교로12길 3 1층기요한,4.64,가성비 합정 카이센동이 눈물나게 맛있는 곳,,망원역,1번,289.0,6호선,4.0
144,베어스덴베이커리,베이커리,서울 마포구 양화로23길 10-9 1층 베어스덴베이커리,4.46,비주얼 예쁜 빵을 파는 가게 연남동빵집,"네이버페이,네이버주문",홍대입구역,3번,152.0,"2호선,공항철도,경의중앙선",2.0
145,무쇠김치삼겹 홍대점,돼지고기구이,서울 마포구 와우산로21길 20-5 1층 무쇠김치삼겹 홍대점,4.4,,,홍대입구역,9번,495.0,"2호선,공항철도,경의중앙선",6.0
146,치킨앤카레군,"치킨,닭강정","서울 마포구 어울마당로 125 1층, 지하",4.59,,,홍대입구역,9번,140.0,"2호선,공항철도,경의중앙선",2.0
147,오스테리아오라,이탈리아음식,서울 마포구 잔다리로 105 1층 오스테리아오라,4.53,,네이버톡톡,망원역,1번,431.0,6호선,5.0
148,배터리88 2호점 홍대입구역점,요리주점,서울 마포구 어울마당로 134 1층,,,"네이버예약,네이버톡톡",홍대입구역,8번,154.0,"2호선,공항철도,경의중앙선",2.0
149,커피 벌스데이,"카페,디저트",서울 마포구 와우산로29길 26-33 1층 커피 벌스데이,4.62,,,홍대입구역,7번,280.0,"2호선,공항철도,경의중앙선",4.0
150,보승회관 홍대직영점,국밥,서울 마포구 어울마당로 131,4.34,,,홍대입구역,8번,169.0,"2호선,공항철도,경의중앙선",2.0
151,청년닭발1987,닭발,서울 마포구 동교로 218-1 1층,4.42,홍대 닭발 수요미식회 출연한 청년닭발,,홍대입구역,3번,239.0,"2호선,공항철도,경의중앙선",3.0
152,버티컬커피,"카페,디저트",서울 마포구 어울마당로 134 3층,,,네이버톡톡,홍대입구역,8번,154.0,"2호선,공항철도,경의중앙선",2.0
153,앤트러사이트 서교점,"카페,디저트",서울 마포구 월드컵로12길 11,4.37,창가에 앉아 책 읽기 좋은 망원동 카페,,망원역,1번,172.0,6호선,2.0
154,태국수,태국음식,서울 마포구 연희로 29,4.59,을지로와 충무로 사이의 떠오르는 신상 맛집,,홍대입구역,3번,410.0,"2호선,공항철도,경의중앙선",5.0
155,구공탄곱창 본점,"곱창,막창,양",서울 마포구 양화로6길 77,4.5,언제가도 맛있는 숙성 막창 곱창,네이버예약,합정역,6번,440.0,"2호선,6호선",6.0
156,쟁반집8292 홍대점,"육류,고기요리",서울 마포구 와우산로29길 66,4.69,홍대고기집 서교동맛집 쟁반돌아가는 쟁반집 홍대점,네이버예약,홍대입구역,7번,174.0,"2호선,공항철도,경의중앙선",2.0
157,용용선생 홍대점,요리주점,서울 마포구 잔다리로 10 1층,,,,상수역,1번,415.0,6호선,5.0
158,고토히라우동,"우동,소바",서울 마포구 와우산로29길 14-8,4.47,홍대 우동 맛집 생생정보통에도 나왔던 곳,,홍대입구역,7번,309.0,"2호선,공항철도,경의중앙선",4.0
159,카와카츠 합정점,돈가스,서울 마포구 양화로 78-7 1층 카와카츠,4.81,,,합정역,3번,178.0,"2호선,6호선",2.0
160,비스트로주라,"스파게티,파스타전문",서울 마포구 와우산로23길 18-7,4.61,,,홍대입구역,9번,335.0,"2호선,공항철도,경의중앙선",4.0
161,오버트 합정,"카페,디저트",서울 마포구 잔다리로 43 1층,,,,합정역,3번,357.0,"2호선,6호선",4.0
162,락희돈,"일식튀김,꼬치",서울 마포구 월드컵북로2길 86,4.45,,,홍대입구역,3번,102.0,"2호선,공항철도,경의중앙선",1.0
163,델리인디아,인도음식,서울 마포구 독막로9길 8 2층,4.76,,"네이버예약,네이버톡톡",상수역,1번,396.0,6호선,5.0
164,카페 오로라,"카페,디저트",서울 마포구 와우산로 139 B1 ~ 1F,4.79,,,홍대입구역,6번,523.0,"2호선,공항철도,경의중앙선",7.0
165,마시타야,일본식라면,서울 마포구 와우산로29라길 26,4.53,,,홍대입구역,7번,333.0,"2호선,공항철도,경의중앙선",4.0
166,더피자보이즈 홍대입구역점,피자,서울 마포구 와우산로29마길 24-1 1층,4.58,,,홍대입구역,7번,279.0,"2호선,공항철도,경의중앙선",3.0
167,38도씨식당,양식,서울 마포구 와우산로17길 19-17 2층,4.64,자이언트핑크가 운영하는 합정 파스타 맛집,네이버예약,상수역,1번,300.0,6호선,4.0
168,더블유오앤,"카페,디저트","서울 마포구 잔다리로6길 20-9 1층, B1층",,,,합정역,3번,551.0,"2호선,6호선",7.0
169,연남족발1987,"족발,보쌈",서울 마포구 동교로 222 1층,,,네이버예약,홍대입구역,3번,211.0,"2호선,공항철도,경의중앙선",3.0
170,샤브로21 서교,샤브샤브,서울 마포구 와우산로27길 28 2층(서교동),,,,홍대입구역,7번,384.0,"2호선,공항철도,경의중앙선",5.0
171,스미비부타동 합정점,덮밥,서울 마포구 양화로6길 21 1층 102호,,,,합정역,5번,128.0,"2호선,6호선",2.0
172,사카바 토리야,이자카야,서울 마포구 독막로3길 38 2층,,,"네이버페이,네이버예약,네이버톡톡",합정역,3번,327.0,"2호선,6호선",4.0
173,핵밥 홍대점,덮밥,서울 마포구 잔다리로6길 40-6 1층,4.24,홍대 냉모밀 대창덮밥 맛있는 핵밥,,홍대입구역,9번,535.0,"2호선,공항철도,경의중앙선",7.0
174,낙랑파라,"카페,디저트",서울 마포구 연희로1길 21,4.24,녹차 트라이앵글 케이크가 맛있는 연남동 시멘트 카페,,홍대입구역,3번,252.0,"2호선,공항철도,경의중앙선",3.0
175,담택,일본식라면,서울 마포구 월드컵로8길 34 1층,4.63,,,합정역,2번,355.0,"2호선,6호선",4.0
176,맛깔1987,생선회,서울 마포구 동교로 212-9 1층,4.46,,배달,홍대입구역,3번,177.0,"2호선,공항철도,경의중앙선",2.0
177,부부드꼼뜨와,양식,서울 마포구 월드컵북로6길 82 신한빌딩 1층,4.56,,,홍대입구역,3번,430.0,"2호선,공항철도,경의중앙선",5.0
178,홍대오잉크,돼지고기구이,서울 마포구 와우산로21길 31-11 B동 1층,,,"네이버예약,네이버톡톡,쿠폰",홍대입구역,9번,587.0,"2호선,공항철도,경의중앙선",7.0
179,공미학 마포홍대점,"카페,디저트",서울 마포구 양화로 162 카카오프렌즈 3층,4.59,,,홍대입구역,8번,51.0,"2호선,공항철도,경의중앙선",1.0
180,온돌 합정점,"찌개,전골",서울 마포구 양화로6길 65,4.62,,네이버예약,합정역,6번,384.0,"2호선,6호선",5.0
181,알배기,생선회,서울 마포구 양화로6길 57-13 1.5F,4.88,,"네이버페이,네이버예약,네이버주문",합정역,6번,426.0,"2호선,6호선",5.0
182,강화통통생고기 본점,강화통통생고기,서울 마포구 동교로 90,4.53,,,망원역,1번,266.0,6호선,3.0
183,꽈페 홍대점,베이커리,서울 마포구 홍익로6길 8 1층,,,"네이버페이,네이버예약",홍대입구역,9번,163.0,"2호선,공항철도,경의중앙선",2.0
184,빠넬로,이탈리아음식,서울 마포구 어울마당로5길 29,,화이트 트러플 피자와 파스타가 있는 곳,,합정역,3번,432.0,"2호선,6호선",5.0
185,탄탄면공방 홍대본점,아시아음식,서울 마포구 잔다리로6길 25 재륜빌딩,4.38,,배달,합정역,3번,519.0,"2호선,6호선",6.0
186,구워삶다 합정점,돼지고기구이,서울 마포구 독막로3길 46,4.58,,"네이버페이,네이버예약,네이버주문",,,,,
187,너프,"카페,디저트",서울 마포구 어울마당로5길 50 1층 201호,4.76,,,합정역,3번,336.0,"2호선,6호선",4.0
188,노티드 연남,카페,서울 마포구 월드컵북로6길 12-13,,,,홍대입구역,1번,446.0,"2호선,공항철도,경의중앙선",6.0
189,토라비,카페,서울 마포구 와우산로29바길 24,4.58,홍대 카페 맛있는 파블로바맛집,"네이버페이,네이버주문",홍대입구역,8번,260.0,"2호선,공항철도,경의중앙선",3.0
190,W카페,W카페,서울 마포구 동교로25길 16,4.55,w카페 모던하고 여유로운 카페,,홍대입구역,1번,276.0,"2호선,공항철도,경의중앙선",3.0
191,베트남이랑,베트남음식,서울 마포구 월드컵북로2길 97 2-3층 (동교동),,,배달,홍대입구역,3번,46.0,"2호선,공항철도,경의중앙선",1.0
192,연남다방,"카페,디저트",서울 마포구 연희로1길 36 1.5층,4.44,,,홍대입구역,3번,320.0,"2호선,공항철도,경의중앙선",4.0
193,odd,케이크전문,서울 마포구 월드컵로10길 17 1층,4.57,,,망원역,1번,326.0,6호선,4.0
194,원스,양식,서울 마포구 양화로7길 61-6 1층,5.0,,"네이버페이,네이버예약",합정역,2번,383.0,"2호선,6호선",5.0
195,가미우동,"우동,소바",서울 마포구 홍익로2길 23,4.58,홍대 저렴하고 맛있는 붓가께우동 냉우동,,홍대입구역,9번,270.0,"2호선,공항철도,경의중앙선",3.0
196,오레타치카레,카레,서울 마포구 홍익로6길 83 1층,,,네이버톡톡,홍대입구역,4번,185.0,"2호선,공항철도,경의중앙선",2.0
197,백소정 홍대합정점,일식당,서울 마포구 독막로7길 51 2층,,,,합정역,3번,452.0,"2호선,6호선",6.0
198,명현만간장게장무한리필 합정본점,게요리,서울 마포구 양화로 45 메세나폴리스 123호~129호,,,,합정역,10번,30.0,"2호선,6호선",0.0
199,카페미뇽 합정점,"카페,디저트",서울 마포구 양화로6길 35,4.43,합정 디저트카페 귀엽고 맛있는 타르트전문점,,합정역,5번,207.0,"2호선,6호선",3.0
200,바쿠단야끼,일식당,서울 마포구 양화로 188 애경타워 1층,,,,홍대입구역,4번,47.0,"2호선,공항철도,경의중앙선",1.0
201,더다이닝랩,양식,서울 마포구 양화로23길 22-7 1층 더다이닝랩,4.51,레스토랑 채광 좋은 창가에서 즐긴 연남동 파스타,"네이버예약,배달,네이버톡톡",홍대입구역,3번,189.0,"2호선,공항철도,경의중앙선",2.0
202,감성타코 홍대점,"멕시코,남미음식",서울 마포구 와우산로21길 20-11 2층,4.34,,"네이버페이,네이버예약,네이버주문",홍대입구역,9번,462.0,"2호선,공항철도,경의중앙선",6.0
203,오디티,"카페,디저트",서울 마포구 양화로6길 21 3층,,,,합정역,5번,128.0,"2호선,6호선",2.0
204,트리플 베이글,브런치,서울 마포구 잔다리로 42 트리플 베이글,4.58,,,합정역,3번,403.0,"2호선,6호선",5.0
205,몽주방,요리주점,서울 마포구 독막로7길 20 1층,,,네이버예약,상수역,1번,481.0,6호선,6.0
206,스시노칸도 홍대점,"초밥,롤",서울 마포구 잔다리로6길 30 서교뉴빌라 2층,4.57,,배달,합정역,3번,545.0,"2호선,6호선",7.0
207,셔우드,피자,서울 마포구 와우산로37길 11 2층,,,"네이버페이,네이버예약,네이버주문,배달,네이버톡톡,쿠폰",홍대입구역,6번,152.0,"2호선,공항철도,경의중앙선",2.0
208,물고기초밥,"초밥,롤",서울 마포구 독막로3길 24-6,4.56,합정역 초밥 정갈하고 아늑한 물고기 홍대 스시,,합정역,3번,282.0,"2호선,6호선",4.0
209,카츠업 홍대점,돈가스,서울 마포구 홍익로 10 서교푸르지오 101동 142호,,,네이버톡톡,홍대입구역,9번,272.0,"2호선,공항철도,경의중앙선",3.0
210,리프타임,양식,서울 마포구 홍익로5길 32 2층(서교동),,,네이버예약,홍대입구역,9번,376.0,"2호선,공항철도,경의중앙선",5.0
211,브뤼서리 서교,양식,서울 마포구 월드컵로12길 10 1층,4.59,마리의 토끼를 잡을 수 있는 캐주얼 다이닝 레스토랑,네이버예약,망원역,1번,163.0,6호선,2.0
212,별자리마라탕&훠궈 무한리필 홍대점,중식당,서울 마포구 와우산로23길 50 지하1층,4.52,,배달,홍대입구역,9번,142.0,"2호선,공항철도,경의중앙선",2.0
213,1984,"카페,디저트",서울 마포구 동교로 194 혜원빌딩 1층,4.62,편집샵과 북카페로 유명한 연남동 카페,"네이버페이,네이버주문",홍대입구역,2번,161.0,"2호선,공항철도,경의중앙선",2.0
214,랑데자뷰 홍대점,"카페,디저트",서울 마포구 와우산로27길 21 지하 1층,4.34,제주도 감성 뿜뿜 묻어있는 홍대카페,네이버톡톡,홍대입구역,7번,424.0,"2호선,공항철도,경의중앙선",5.0
215,고에몬 홍대AK점,"스파게티,파스타전문",서울 마포구 양화로 188 AK& 홍대점 5층,4.31,,,홍대입구역,4번,58.0,"2호선,공항철도,경의중앙선",1.0
216,우아하게,한식,서울 마포구 동교로 185 1층 우아하게,4.77,,네이버톡톡,홍대입구역,1번,151.0,"2호선,공항철도,경의중앙선",2.0
217,훠궈나라 홍대점,중식당,서울 마포구 어울마당로 133 1층 훠궈나라,,,,홍대입구역,8번,155.0,"2호선,공항철도,경의중앙선",2.0
218,디어리스트 연남,양식,서울 마포구 동교로27길 21-8 1층,,,"네이버예약,네이버톡톡",홍대입구역,2번,363.0,"2호선,공항철도,경의중앙선",5.0
219,21세기우리바다수산,생선회,서울 마포구 동교로 173 21세기우리바다수산,4.21,,배달,홍대입구역,1번,254.0,"2호선,공항철도,경의중앙선",3.0
220,라멘 무메이,일본식라면,서울 마포구 동교로27길 12,4.65,,"네이버페이,네이버주문",홍대입구역,2번,268.0,"2호선,공항철도,경의중앙선",3.0
221,애쉬앤블룸,바(BAR),서울 마포구 와우산로29길 44 1층~3층,4.82,,,홍대입구역,7번,226.0,"2호선,공항철도,경의중앙선",3.0
222,23플래터,이탈리아음식,서울 마포구 잔다리로3안길 36 1층 23플래터,4.79,성공적인 데이트로 남을 합정파스타,"네이버예약,네이버톡톡",합정역,3번,386.0,"2호선,6호선",5.0
223,이빠네마그릴 스테이크 홍대점,"스테이크,립",서울 마포구 홍익로 7 지하1층,4.53,홍대역맛집 스테이크가 맛있는 이빠네마그릴 홍대점,,홍대입구역,9번,416.0,"2호선,공항철도,경의중앙선",5.0
224,우규,이자카야,서울 마포구 독막로3길 21 1.5층,4.93,,,합정역,3번,241.0,"2호선,6호선",3.0
225,umoae,"카페,디저트",서울 마포구 양화로6길 99-5 1.5층,4.72,,,상수역,1번,361.0,6호선,5.0
226,푸하하크림빵,베이커리,서울 마포구 양화로19길 22-25 1층,4.36,크리미한 소금크림빵이 유명한 연트럴파크 맛집,네이버페이,홍대입구역,3번,148.0,"2호선,공항철도,경의중앙선",2.0
227,조선시대,요리주점,서울 마포구 홍익로3길 44 지하1층,4.39,,"네이버예약,네이버톡톡",홍대입구역,9번,483.0,"2호선,공항철도,경의중앙선",6.0
228,카페 지금여기,카페,서울 마포구 양화로16길 30-5 3층 지금 여기,4.6,,,홍대입구역,9번,494.0,"2호선,공항철도,경의중앙선",6.0
229,슬로우타코,"멕시코,남미음식",서울 마포구 독막로5길 33 1층 슬로우타코,4.78,홍대펍 홍대타코 멕시코음식 즐기기 메뉴추천 소고기,"네이버예약,네이버톡톡",합정역,6번,510.0,"2호선,6호선",6.0
230,동꾼,일식당,서울 마포구 동교로22길 19 1층 좌측 동꾼,4.48,합정가면 맨날 가는 곳,네이버톡톡,홍대입구역,1번,507.0,"2호선,공항철도,경의중앙선",6.0
231,샤브로21 연남,샤브샤브,서울 마포구 양화로19길 22-13 1층 101호(동교동),,,,홍대입구역,3번,148.0,"2호선,공항철도,경의중앙선",2.0
232,지로우 라멘,일식당,서울 마포구 와우산로29가길 79 1층,4.47,차슈가 유명한 홍대 라멘맛집,,홍대입구역,9번,393.0,"2호선,공항철도,경의중앙선",5.0
233,불이아 홍대본점,중식당,서울 마포구 동교로 182-6,4.56,,"네이버페이,네이버예약,네이버주문",홍대입구역,1번,88.0,"2호선,공항철도,경의중앙선",1.0
234,요괴냥수비대,"카페,디저트",서울 마포구 홍익로 13-12,4.67,,,홍대입구역,9번,414.0,"2호선,공항철도,경의중앙선",5.0
235,의정부부대찌개,"찌개,전골",서울 마포구 월드컵로10길 36,4.39,망원 서교동 맛집 강추하는 부대찌개,,망원역,1번,377.0,6호선,5.0
236,혼가츠,돈가스,서울 마포구 와우산로21길 36-6 1층 102호,4.34,치즈돈까스가 유명한 백종원3대천왕 돈까스,,홍대입구역,9번,528.0,"2호선,공항철도,경의중앙선",7.0
237,목로관,"육류,고기요리",서울 마포구 어울마당로 126,4.3,분위기 좋은 홍대고깃집,,홍대입구역,9번,143.0,"2호선,공항철도,경의중앙선",2.0
238,모크,"카페,디저트",서울 마포구 와우산로17길 19-17 1층,4.59,정말 맛있는 핫하고 이쁜 블랙 무채색 카페,,상수역,1번,300.0,6호선,4.0
239,캘리포니아도넛클럽 비라티오 홍대점,베이커리,"서울 마포구 잔다리로 28 1층, 2층",4.52,,"네이버페이,네이버주문,배달,네이버톡톡,쿠폰",합정역,3번,477.0,"2호선,6호선",6.0
240,시골순대,"순대,순댓국",서울 마포구 월드컵북로1길 50 시골순대,4.18,,배달,합정역,2번,472.0,"2호선,6호선",6.0
241,카페 꼬모,"카페,디저트",서울 마포구 와우산로21길 31-12 1층,4.59,,,홍대입구역,9번,602.0,"2호선,공항철도,경의중앙선",8.0
242,나성타코,"멕시코,남미음식",서울 마포구 잔다리로2길 24 2층,4.73,,,상수역,1번,583.0,6호선,7.0
243,심야식당 하스,이자카야,서울 마포구 연희로1길 19,4.45,,,홍대입구역,3번,240.0,"2호선,공항철도,경의중앙선",3.0
244,홍대차칸곱창,"곱창,막창,양",서울 마포구 와우산로23길 35-8 1층 홍대차칸곱창,4.53,,"네이버페이,네이버주문",홍대입구역,9번,239.0,"2호선,공항철도,경의중앙선",3.0
245,버건디,와인,서울 마포구 독막로7길 47 3층,4.8,,,합정역,3번,430.0,"2호선,6호선",5.0
246,이자카야 연정,이자카야,서울 마포구 양화로23길 24 2층 일부,4.82,,,홍대입구역,3번,185.0,"2호선,공항철도,경의중앙선",2.0
247,슬슬,술집,서울 마포구 연희로1길 23,,,,홍대입구역,3번,269.0,"2호선,공항철도,경의중앙선",3.0
248,훈민정음 서울합정점,요리주점,서울 마포구 독막로7길 21,4.53,합정 훈민정음 퀄리티 좋은 안주,네이버예약,상수역,1번,484.0,6호선,6.0
249,혼고집,한식,서울 마포구 동교로30길 1 1층 혼고집,,,,홍대입구역,3번,294.0,"2호선,공항철도,경의중앙선",4.0
250,홍대 수제버거 풀리너마이트,햄버거,서울 마포구 홍익로 13-4,4.95,,"네이버페이,네이버예약,네이버주문,네이버톡톡,쿠폰",홍대입구역,9번,354.0,"2호선,공항철도,경의중앙선",4.0
251,태우마,"육류,고기요리",서울 마포구 와우산로21길 36-8 1층,,,네이버예약,홍대입구역,9번,479.0,"2호선,공항철도,경의중앙선",6.0
252,홍대IN파스타,"스파게티,파스타전문",서울 마포구 홍익로5안길 32 준빌라,4.43,홍대파스타 예쁘고 맛있는 테라스맛집,네이버예약,홍대입구역,9번,416.0,"2호선,공항철도,경의중앙선",5.0
253,카페코그.,"카페,디저트",서울 마포구 동교로 183-12 1층,,,,홍대입구역,1번,214.0,"2호선,공항철도,경의중앙선",3.0
254,파파초밥,"초밥,롤",서울 마포구 와우산로21길 28-8,4.55,가성비 좋은 홍대의 숨겨진 초밥 맛집,,홍대입구역,9번,589.0,"2호선,공항철도,경의중앙선",7.0
255,더 키친 아시아 인도,인도음식,서울 마포구 와우산로23길 35-6,4.82,,"네이버예약,배달",홍대입구역,9번,229.0,"2호선,공항철도,경의중앙선",3.0
256,올바른스시 홍대직영점,"초밥,롤",서울 마포구 동교로 199-1 1층 올바른스시,4.59,,"네이버페이,네이버주문,배달",홍대입구역,2번,158.0,"2호선,공항철도,경의중앙선",2.0
257,쑥짜이,태국음식,서울 마포구 월드컵북로2길 82 1층,4.73,연남동쌀국수 연남동팟타이가 맛있는 홍대태국음식점,,홍대입구역,3번,115.0,"2호선,공항철도,경의중앙선",1.0
258,쿠리노키제빵,베이커리,서울 마포구 동교로12안길 23 1층 쿠리노키 제빵,4.47,,,망원역,1번,432.0,6호선,5.0
259,식스티즈,햄버거,서울 마포구 와우산로23길 9 1층,4.59,,,홍대입구역,9번,338.0,"2호선,공항철도,경의중앙선",4.0
260,아날로그 테이블 연남,"스파게티,파스타전문",서울 마포구 월드컵북로2길 93 2층 아날로그 테이블 연남,4.57,,"네이버페이,네이버예약,네이버주문",홍대입구역,3번,61.0,"2호선,공항철도,경의중앙선",1.0
261,신선화로 홍대점,"육류,고기요리",서울 마포구 어울마당로 136-2,3.98,,,홍대입구역,8번,168.0,"2호선,공항철도,경의중앙선",2.0
262,이너커피,"카페,디저트",서울 마포구 연희로 3 3층,,,,홍대입구역,3번,142.0,"2호선,공항철도,경의중앙선",2.0
263,리피 메세나폴리스점,브런치,서울 마포구 양화로 45 메세나폴리스 지하1층 B154~B155호,,,"네이버페이,네이버예약",합정역,9번,223.0,"2호선,6호선",3.0
264,달리181 홍대점,양식,서울 마포구 와우산로21길 36-6 1층,,,네이버예약,홍대입구역,9번,553.0,"2호선,공항철도,경의중앙선",7.0
265,생어거스틴 합정메세나폴리스점,아시아음식,서울 마포구 양화로 45 메세나폴리스 B1층,4.43,합정 메세나폴리스 생어거스틴 아이동반하기 좋은 맛집,네이버예약,합정역,9번,323.0,"2호선,6호선",4.0
266,오이지 연남,한식,서울 마포구 연희로1길 15 지층 오이지 연남,,,,홍대입구역,3번,226.0,"2호선,공항철도,경의중앙선",3.0
267,손오공마라탕 동교동점,중식당,서울 마포구 양화로18길 15 2층,4.47,,,홍대입구역,8번,89.0,"2호선,공항철도,경의중앙선",1.0
268,손오공마라탕 서교점,중식당,서울 마포구 잔다리로6길 23 2층,4.52,,,합정역,3번,514.0,"2호선,6호선",6.0
269,곰솥,"곰탕,설렁탕",서울 마포구 와우산로15길 33 1층,4.5,,,상수역,1번,210.0,6호선,3.0
270,파도,"카페,디저트",서울 마포구 양화로6길 57-14 1층 파도,4.69,서교동카페 엄마랑 가기 좋은 카페,,합정역,6번,416.0,"2호선,6호선",5.0
271,어리라운지,바(BAR),"서울 마포구 어울마당로 112-3 2층,3층",4.78,,,홍대입구역,9번,170.0,"2호선,공항철도,경의중앙선",2.0
272,개화기요정,요리주점,서울 마포구 독막로7길 22 개화기요정,,센과치히로에 나올듯한 신비로운 합정 술집,네이버예약,상수역,1번,498.0,6호선,6.0
273,제주은희네해장국 홍대점,해장국,서울 마포구 월드컵북로 43 1층,4.41,,,홍대입구역,1번,606.0,"2호선,공항철도,경의중앙선",8.0
274,신이도가,"카페,디저트",서울 마포구 잔다리로 20-12,4.66,,,합정역,3번,576.0,"2호선,6호선",7.0
275,평안도 상원냉면,냉면,서울 마포구 양화로 156,4.49,초보자 입문용으로 좋은 평양냉면 맛집,,홍대입구역,9번,39.0,"2호선,공항철도,경의중앙선",0.0
276,토모토카레 홍대점,카레,서울 마포구 와우산로29길 27 1층,4.34,홍대 카레 맛집 토모토카레 깔끔한 일본 가정식,배달,홍대입구역,7번,303.0,"2호선,공항철도,경의중앙선",4.0
277,육회로,한식,서울 마포구 독막로9길 8,4.81,마포구 성산동 배달맛집 홍대 육회 맛있는 곳,,상수역,1번,396.0,6호선,5.0
278,모파상,"카페,디저트",서울 마포구 양화로19길 22-13 1층 카페모파상,4.36,,,홍대입구역,3번,148.0,"2호선,공항철도,경의중앙선",2.0
279,다독이네 숯불구이 홍대합정점,"육류,고기요리",서울 마포구 독막로3길 28 1층 다독이네 숯불구이 홍대합정점,,,"네이버예약,네이버톡톡",합정역,3번,275.0,"2호선,6호선",3.0
280,코드 396-4,와인,"서울 마포구 어울마당로5길 47 2층, 3층",4.94,,네이버톡톡,합정역,3번,344.0,"2호선,6호선",4.0
281,머씨커피,"카페,디저트",서울 마포구 양화로8길 32-10,,,,합정역,4번,154.0,"2호선,6호선",2.0
282,교동집,주꾸미요리,서울 마포구 동교로 208 교동하우스 교동집,,홍대 연남동 오동통 매운 쭈꾸미 맛집,,홍대입구역,2번,204.0,"2호선,공항철도,경의중앙선",3.0
283,작업실01,"카페,디저트",서울 마포구 홍익로2길 27-17 1층,4.98,,네이버톡톡,홍대입구역,9번,231.0,"2호선,공항철도,경의중앙선",3.0
284,정무관,일식당,서울 마포구 독막로3길 20,4.54,합정맛집 초밥 진짜 맛있는곳,,합정역,3번,236.0,"2호선,6호선",3.0
285,키친485,이탈리아음식,서울 마포구 양화로6길 67 1층,,서울3대화덕피자와 생면파스타가 맛있는 곳,"네이버예약,네이버톡톡",합정역,6번,399.0,"2호선,6호선",5.0
286,타오마라탕,아시아음식,서울 마포구 양화로6길 19 광명빌딩 2층,4.71,,,합정역,5번,123.0,"2호선,6호선",2.0
287,오모테나시 오마카세,일식당,서울 마포구 월드컵북로2길 82,,오마카세와 사케를 즐길 수 있는 홍대 식당,,홍대입구역,3번,115.0,"2호선,공항철도,경의중앙선",1.0
288,윤씨밀방,"스테이크,립",서울 마포구 와우산로15길 15,4.44,함박스테이크가 맛있는 상수역 식당,,상수역,1번,271.0,6호선,3.0
289,언플러그드,라이브카페,서울 마포구 와우산로33길 26 1층,4.74,언돌이와 꼬미와 통기타가 있는 경의선 카페,,홍대입구역,7번,279.0,"2호선,공항철도,경의중앙선",3.0
290,유익상스시,"초밥,롤",서울 마포구 와우산로23길 18-7 101호 유익상스시,4.91,초밥킬러가 선택한 가성비 좋은 홍대찐맛집,배달,홍대입구역,9번,335.0,"2호선,공항철도,경의중앙선",4.0
291,차차티클럽 연남,"카페,디저트","서울 마포구 동교로30길 6 4층, 5층",,,"네이버페이,네이버예약",홍대입구역,3번,310.0,"2호선,공항철도,경의중앙선",4.0
292,마녀찜닭 과 닭갈비,닭갈비,서울 마포구 와우산로19길 26 2층,4.68,홍대 맛집 마녀 찜닭 비주얼부터 맛있는 고구마 찜닭,네이버톡톡,상수역,1번,492.0,6호선,6.0
293,다운타우너 연남,햄버거,서울 마포구 월드컵북로6길 12-13 1층(동교동),,,"네이버페이,네이버주문",홍대입구역,1번,446.0,"2호선,공항철도,경의중앙선",6.0
